scorer,DLC_resnet50_mouse_movement_maJan14shuffle1_250000,DLC_resnet50_mouse_movement_maJan14shuffle1_250000,DLC_resnet50_mouse_movement_maJan14shuffle1_250000,DLC_resnet50_mouse_movement_maJan14shuffle1_250000,DLC_resnet50_mouse_movement_maJan14shuffle1_250000,DLC_resnet50_mouse_movement_maJan14shuffle1_250000,DLC_resnet50_mouse_movement_maJan14shuffle1_250000,DLC_resnet50_mouse_movement_maJan14shuffle1_250000,DLC_resnet50_mouse_movement_maJan14shuffle1_250000,DLC_resnet50_mouse_movement_maJan14shuffle1_250000,DLC_resnet50_mouse_movement_maJan14shuffle1_250000,DLC_resnet50_mouse_movement_maJan14shuffle1_250000,DLC_resnet50_mouse_movement_maJan14shuffle1_250000,DLC_resnet50_mouse_movement_maJan14shuffle1_250000,DLC_resnet50_mouse_movement_maJan14shuffle1_250000
bodyparts,Eye,Eye,Eye,Snout,Snout,Snout,Whisker,Whisker,Whisker,Right_Forepaw,Right_Forepaw,Right_Forepaw,Left_Forepaw,Left_Forepaw,Left_Forepaw
coords,x,y,likelihood,x,y,likelihood,x,y,likelihood,x,y,likelihood,x,y,likelihood
0,329.9263916,27.8842411,0.999991536,433.3431702,75.30117035,0.999977589,358.7167358,112.7359924,0.999993205,249.2017822,268.5295105,0.99999547,342.8443604,236.738739,0.99992907
1,330.5809021,27.73884773,0.999990344,433.0420532,76.4866333,0.999964237,361.6546631,114.8191299,0.999983668,249.0204468,268.5567932,0.999995112,344.0906372,236.5879517,0.999914646
2,330.0584106,27.61908722,0.999992251,433.1068115,75.13031006,0.999964237,361.0477295,110.5365143,0.999929547,248.45755,267.0594482,0.999995828,345.2824097,233.6064758,0.999738753
3,329.8830872,27.99126816,0.999991179,432.8058167,73.07611084,0.999901533,358.0683899,107.9730911,0.999971151,247.3222504,267.0106506,0.999997497,342.0047302,233.5644989,0.999866128
4,330.6451721,26.86178589,0.999986529,434.0379944,76.93084717,0.999962687,367.7178955,113.5231552,0.998782218,244.299942,265.8625183,0.99999702,337.3782043,231.3471527,0.999899268
5,330.6327515,27.8732338,0.999991298,432.4972534,74.75200653,0.999948502,361.3753662,110.7117233,0.999935985,245.7142944,266.2736206,0.99999845,337.1569824,233.3035583,0.999933958
6,330.4689331,28.68175507,0.999990344,433.1699829,73.35211182,0.999927998,359.0857544,111.9840698,0.999976397,244.986969,266.2026978,0.999998093,334.3818665,235.1773071,0.999911904
7,330.6400757,28.17831993,0.99998796,433.0942078,75.79398346,0.99995482,363.6598816,115.5300217,0.999989629,245.0321198,266.4424438,0.999998212,332.5851746,235.0239716,0.99986124
8,330.4674072,29.23361206,0.999988437,431.7046509,69.65198517,0.999955893,357.3339233,112.5833206,0.999991179,244.2986145,266.5276489,0.999998689,331.4395752,234.0496979,0.999864936
9,330.3995056,28.73573112,0.999988437,433.0166931,69.31115723,0.999971032,356.6445313,110.1585236,0.999980211,244.0871735,266.8186035,0.999998569,332.3742371,234.674469,0.999895215
10,331.1179199,28.64624786,0.999990344,433.0678101,73.23832703,0.99994278,361.9799194,110.7692413,0.999412656,244.548233,266.797821,0.999998569,332.065094,234.4878235,0.999891281
11,331.4164734,30.3757267,0.999991298,432.5189514,68.54336548,0.99997282,357.0153503,104.7271881,0.999928236,244.1057892,266.8694458,0.999998689,332.3788757,234.4248962,0.999913931
12,330.8197937,29.11418152,0.999989152,432.9943542,73.88509369,0.999956489,360.7606506,112.7765808,0.999978423,243.7817688,266.8670959,0.99999845,332.0462341,234.6219177,0.999915719
13,330.4327087,28.94599152,0.99998951,432.6971741,73.26353455,0.999925375,356.3587646,110.0358276,0.999983191,243.9307556,266.5276794,0.999998927,331.4262085,233.709549,0.999929786
14,330.034668,28.18690872,0.99999094,433.6439819,68.39241791,0.999984264,354.4890442,112.1125259,0.999987364,243.5830688,266.4323425,0.999998808,331.8028564,234.479187,0.999920964
15,330.8218689,28.80129814,0.999988556,434.9721069,69.49807739,0.999987006,359.6720276,112.1033096,0.99987483,243.5526276,266.5513611,0.999998569,331.6932373,234.5734253,0.999918461
16,330.2271729,28.38746071,0.999992013,435.4694519,66.72196198,0.999993205,354.0611877,112.0529861,0.999971271,243.4475098,266.4599304,0.999998808,331.5413208,234.3597412,0.999923825
17,330.2668457,28.63951492,0.999992013,435.9920044,67.43579102,0.999993563,355.8169556,111.9972763,0.999985576,243.4291687,266.3517456,0.999998808,331.7287598,234.5846252,0.999932647
18,330.4440308,28.80081177,0.999992013,435.9342957,68.15498352,0.999986887,356.3652649,108.4418716,0.999866962,243.3164368,266.3155518,0.999998808,331.3564453,233.9438171,0.999926209
19,330.1478271,28.11894989,0.999991179,435.3977661,67.67076111,0.999993563,353.4762573,109.6474228,0.999797165,243.4542694,266.1855774,0.999998808,330.7423401,234.2342682,0.999913335
20,330.1998291,28.79721642,0.999990702,435.2353821,66.96231842,0.99999249,353.3473511,110.0430145,0.999948382,243.3634644,266.2516479,0.999998808,331.2515259,234.5797729,0.999920845
21,330.0736084,28.85791588,0.999990344,436.5550232,67.68900299,0.999992251,354.9920959,111.8830719,0.999977589,243.0984802,266.3821411,0.999998927,331.4579468,234.4217072,0.999927402
22,330.526062,29.00136948,0.999987483,435.674469,67.50228882,0.999987602,356.6530457,111.0926514,0.999980688,243.3904419,266.4471741,0.999999046,331.6059875,234.1591034,0.999909759
23,330.1133118,28.44847107,0.999990225,434.7545471,69.57616425,0.99998939,353.588562,111.6622696,0.999967575,243.2231293,266.2562561,0.999999046,331.3418884,234.5941925,0.99990952
24,330.35672,29.15149307,0.999991536,434.9328308,71.47856903,0.999984503,354.0727844,112.4074936,0.999987721,243.2169037,266.2770081,0.999999166,332.0188904,235.2654724,0.999930859
25,330.0410461,29.27160454,0.999991894,434.8190918,70.93640137,0.999985218,352.8645935,110.2707367,0.999978304,243.1902466,266.147522,0.999999166,332.1119385,235.029541,0.999932766
26,330.1498413,28.74093056,0.999991536,434.1807861,70.99968719,0.999985695,353.5166931,111.5553513,0.999973297,243.3919983,266.0742798,0.999999046,331.7187805,234.9997864,0.999925017
27,330.3236389,28.94940186,0.999991775,434.3963318,71.33866882,0.999981999,353.1678772,110.2220459,0.999976993,243.379715,266.12323,0.999999046,331.8910522,235.065094,0.999931335
28,330.3557434,29.01721573,0.999991536,434.8898926,71.78800201,0.999976277,352.2010803,110.7177734,0.999964952,243.1425323,266.2144775,0.999999046,332.1914673,235.2132416,0.99993515
29,330.2569885,28.95230103,0.999991417,434.776123,71.88722229,0.999972701,353.230957,111.9375305,0.999978423,243.1423492,266.2266235,0.999999046,332.2011719,235.1534119,0.999936581
30,330.130188,29.17988586,0.999991059,434.6601257,71.76164246,0.999979377,353.4417114,111.5927505,0.999980807,243.0283203,266.3303528,0.999999046,332.0265808,235.0003815,0.99993372
31,330.0606689,29.3349514,0.999991775,434.624939,71.75101471,0.999978185,352.5466003,111.7045975,0.99997282,243.1523743,266.3495789,0.999999046,332.0682373,235.2385406,0.999931455
32,329.8518982,28.71047211,0.999992013,434.1876831,71.2066803,0.999980211,353.1056824,111.8926315,0.999981403,243.4289856,266.3815613,0.999999285,331.5411682,234.4826813,0.999907136
33,329.8755493,28.71504593,0.999990582,434.6754761,71.87940216,0.999977589,354.3406982,111.7931061,0.999988198,244.076828,266.5128174,0.999999046,332.3883972,234.5548401,0.999928117
34,331.1327209,28.41422462,0.999992251,433.8514099,71.09435272,0.999970913,365.8987732,108.5873795,0.999709547,246.3291016,266.1511841,0.999997377,345.0290527,231.3230438,0.999964476
35,331.5216675,27.65711212,0.999991775,432.668335,74.85093689,0.999951482,365.4693604,113.056694,0.973127484,246.5982208,266.082428,0.999997854,343.7522888,231.8544464,0.999859214
36,330.6445923,26.76495934,0.999990225,436.0747681,76.27815247,0.999973297,370.0342102,116.5545502,0.99995935,247.3919525,267.7051086,0.999997377,344.3891602,235.3927917,0.99991262
37,330.6120605,27.21417999,0.999986529,432.4639587,72.02758789,0.999922872,367.7888489,109.1930771,0.999427736,243.1174469,266.843689,0.999998331,344.6567993,235.2783813,0.999881268
38,330.8858643,27.38035583,0.999987245,432.5503235,75.43881226,0.999947548,332.4698486,90.74023438,0.997490048,242.3750916,267.546051,0.99999845,343.9072266,235.4320831,0.999915004
39,330.4664001,27.20801353,0.999990225,435.3731079,76.22576141,0.999976754,363.4865417,112.1976547,0.999969363,242.8431091,267.4715881,0.999998331,344.2153931,235.7188568,0.999925971
40,330.4681091,27.56898499,0.999990821,433.0817261,71.23497772,0.999962687,360.9732666,110.8751831,0.999949694,243.0755463,267.2662659,0.999998569,343.3238831,235.8213501,0.999940753
41,331.0072937,27.2656765,0.999992609,434.1098022,73.39517212,0.999951959,367.085968,113.2876053,0.998645842,242.225235,267.6731567,0.999998212,342.355072,236.077652,0.999959826
42,330.5115662,26.89227295,0.999989867,434.4715576,74.58339691,0.999968886,363.1350403,111.7683868,0.999966025,242.5061188,267.2518921,0.999998569,341.2199097,235.8957672,0.999964714
43,330.234436,27.10150337,0.999988914,437.072113,73.73713684,0.999970198,365.6559143,114.0983429,0.999938726,241.8857574,267.3332214,0.999998569,340.5235291,235.6239471,0.999966621
44,330.9613037,27.79785156,0.99998951,433.2336426,72.17743683,0.999936104,367.287384,113.2569046,0.999946952,240.7498474,266.1642456,0.999995112,337.9685364,236.1721802,0.999965429
45,331.6231995,27.76297188,0.999989152,433.0993958,72.34017181,0.999898791,363.825592,113.4606094,0.999930978,239.2273254,266.4910889,0.999993563,336.3580017,235.2677917,0.999961972
46,330.428894,27.27221107,0.999990225,434.6266479,75.10286713,0.999975562,364.1332397,114.2553558,0.999602497,238.8098145,267.2940674,0.999990821,333.7826233,235.5901184,0.999938607
47,330.5715942,27.90014458,0.999988317,435.8617554,70.03638458,0.999981999,359.2620544,113.8550262,0.999991536,238.5924683,266.7539063,0.999992847,333.789917,235.8697205,0.999929428
48,330.6677551,28.0159111,0.999990582,433.3045349,67.78988647,0.999980211,359.3562012,113.0656052,0.999986053,238.4932709,266.2976074,0.99999392,334.6212158,235.6842651,0.999951601
49,330.6762085,28.307621,0.999988914,434.3866882,69.81581116,0.999981642,360.3673706,112.137207,0.999930739,238.5531616,266.3010559,0.999995112,334.7329712,235.6832581,0.999949574
50,330.8925171,28.12460518,0.999990702,433.1166382,71.36170197,0.999962568,357.2542419,111.7410126,0.999980807,239.1202698,266.5088806,0.999995828,334.3576355,236.2260742,0.999941111
51,330.418335,27.91626549,0.999991059,433.5020447,73.52658081,0.999968886,358.1824951,111.781189,0.999959111,239.1847839,266.5837402,0.999995828,334.567627,236.2425079,0.999948859
52,330.8977356,28.0558548,0.999993801,432.7449646,72.59864807,0.99996078,357.1495056,112.9327316,0.999991417,239.218338,266.6435242,0.999996066,334.427124,236.0998383,0.999953628
53,331.3234253,28.59604263,0.999993205,433.0410156,71.41347504,0.99996388,356.1428528,113.6634369,0.999991059,239.0884399,266.7796021,0.999996185,334.4057312,236.3085327,0.999952555
54,331.0860596,28.60049438,0.99999404,433.3725281,73.69478607,0.999969363,355.9454346,113.868988,0.999995351,239.2580566,266.5734253,0.999996662,334.3553772,235.9627686,0.999951363
55,330.5934143,28.47766495,0.999993324,434.9150696,74.53887177,0.999984026,354.5870667,114.4605942,0.999995947,238.9682312,266.5481262,0.999995828,334.1538696,236.7892151,0.999949694
56,330.8615417,28.66768074,0.999994278,435.0422668,75.12197113,0.999988317,357.1749878,113.8570938,0.999994874,239.0634613,266.4907837,0.999996185,334.2261353,236.3708801,0.999948859
57,331.0096436,28.28902435,0.999993086,434.6739197,73.04390717,0.999979854,355.7090454,113.8137817,0.999996424,239.051239,266.5893555,0.999996424,334.2371521,236.438446,0.999942899
58,330.5712891,29.74102211,0.999992847,433.637207,70.71379089,0.999975324,355.7918396,111.8360748,0.999988794,239.0143127,266.7411804,0.999995947,334.7473145,236.6051025,0.999961734
59,331.0075684,29.11083984,0.999992609,434.1471863,71.28998566,0.999981999,357.093811,112.8700943,0.99999249,238.9785461,266.3935242,0.999995589,334.5272522,236.9698944,0.99995935
60,330.2291565,28.76507759,0.999991894,434.4407043,73.80609894,0.999981999,355.3604431,113.562439,0.999996781,238.4964447,266.3651733,0.999995589,334.5452881,236.3423004,0.999955416
61,330.1593323,28.66941071,0.999991655,433.3944092,72.87103271,0.999966502,355.9411926,113.84552,0.999996901,238.4957886,266.4354248,0.999995232,334.2119751,236.4388428,0.999942183
62,330.1298523,28.38435745,0.99999249,432.1513367,71.67971039,0.999957085,355.3616638,113.5459137,0.999995947,238.5314941,266.4944763,0.999994278,334.4040222,236.5875702,0.9999547
63,330.8026123,27.87663841,0.999988317,433.8352661,75.12627411,0.999979258,364.6067505,114.1479645,0.999638796,238.6334991,266.7303162,0.999994516,334.7719116,237.0057678,0.999955773
64,331.4530945,27.84849548,0.999989629,434.8424988,77.83855438,0.999974489,371.6217041,114.6824265,0.997860014,241.6008759,265.6188049,0.99999702,343.7710571,229.2019348,0.999970198
65,331.3768921,27.55584335,0.999991059,434.1893311,73.92318726,0.999973178,347.3299866,97.18608093,0.977002382,241.6303711,264.631958,0.999991775,346.1621399,223.3017273,0.99991858
66,331.3363037,28.03730965,0.999991417,432.6321106,76.52909851,0.999938011,343.8181763,110.1106262,0.999391437,238.8879242,265.972229,0.999972224,336.6226196,226.3196106,0.999917746
67,331.6545715,28.71237183,0.999992371,431.5036011,75.60151672,0.999885678,350.6499939,115.3819046,0.99980849,234.5662537,269.784668,0.999963164,324.9640198,225.9505768,0.999979019
68,331.9362488,28.59602737,0.999992967,431.7025146,77.47467041,0.999911785,349.575531,114.6866913,0.999871492,233.4927063,269.3168945,0.999988437,320.1072083,229.4806519,0.999974012
69,331.0750427,27.90513992,0.999990582,432.7319641,76.96313477,0.999958634,343.838562,102.4009705,0.999778211,234.0466461,269.0276184,0.99998641,318.8035278,229.431015,0.999988198
70,331.8396606,29.37910843,0.999992371,430.2792664,76.26332855,0.999878168,363.4569092,98.60923767,0.999959826,234.062439,268.9732666,0.999988675,319.2587585,229.1411285,0.999989629
71,331.3871155,28.30749321,0.999990106,431.830719,75.30767059,0.999788582,363.2845154,107.4322968,0.999920487,233.6519623,266.849823,0.999972343,319.0041504,229.2642212,0.999986053
72,331.7758179,29.28417587,0.999992728,431.3856812,74.6807785,0.999933362,358.4630432,98.46936798,0.999942064,234.3721924,266.1585083,0.99994719,318.9990845,230.8686523,0.999978065
73,331.163269,28.47423935,0.999991775,429.5335083,75.05641937,0.999896765,341.2790833,95.94753265,0.988705575,235.9118958,265.6870728,0.999961734,319.1192627,231.5486908,0.999974489
74,331.4719849,28.99777985,0.999990582,431.3251343,74.0743866,0.999765933,363.1208801,111.7576141,0.999967337,236.0167542,265.7377625,0.999964356,319.6713867,231.4626312,0.999977469
75,331.8735962,30.1938858,0.999993086,431.7183228,74.88762665,0.999872208,372.6243591,106.3659286,0.995794892,238.7549896,266.7198181,0.999961615,319.9435425,231.9320984,0.999963164
76,331.3824463,29.446455,0.999992251,429.2245483,73.942276,0.999832034,368.5194702,103.9552917,0.999394774,238.701416,266.7891541,0.999962568,320.3069763,231.8769684,0.999965429
77,331.441925,29.54467392,0.999994278,431.5016174,78.31894684,0.999892592,371.4646301,103.3902435,0.999013662,239.6531677,266.4992065,0.999983311,321.3837585,232.0335999,0.9999789
78,331.2304688,29.20975494,0.999992132,430.5335083,78.52225494,0.999910474,354.082428,96.49314117,0.999678493,246.5491638,265.0108337,0.99999249,323.5776367,231.5673981,0.999989748
79,332.1342773,28.87812996,0.999991179,428.986908,75.49822998,0.99989748,353.8478394,111.5086212,0.980828822,247.6535645,264.6263733,0.999991298,324.6394348,231.1748352,0.999990225
80,331.1366577,28.4977417,0.999991059,431.0773926,77.62737274,0.999853969,351.6279907,98.08513641,0.999968886,248.8721313,264.871521,0.999992013,326.1442261,231.58992,0.999986768
81,331.0952454,28.55971527,0.999992251,430.8175049,77.57099152,0.999901772,352.3507385,96.29415131,0.999814093,248.9384918,264.3377991,0.999987721,325.6571045,231.5314636,0.999990463
82,332.2535706,28.73273849,0.999993086,430.6023865,78.45381927,0.999837041,355.7779541,115.7918167,0.998960018,248.4149933,264.3712158,0.999986172,326.8748474,228.9688568,0.999990582
83,331.3403625,29.33503342,0.999991894,429.6144714,73.58338928,0.999829888,367.4569397,102.8753357,0.999916196,247.405899,265.1552734,0.999991179,325.3553467,231.1925354,0.999982834
84,331.8805847,28.18778419,0.999990582,431.3164978,76.1395874,0.999922395,356.5837708,113.440155,0.999439061,245.3313293,266.6688232,0.999994874,324.0545349,229.7288055,0.999991059
85,331.4234009,28.85078621,0.999990702,432.4438782,70.7923584,0.999875665,362.9983215,104.4669189,0.999967337,244.1110382,267.1098633,0.999995112,315.5622559,227.5459137,0.999987602
86,332.0544128,27.63115311,0.999990582,430.6698303,75.7049942,0.999833941,355.9144592,112.7911911,0.999745667,243.2930603,267.9631958,0.999993205,314.5295715,228.0302124,0.999986768
87,331.4525452,28.17032623,0.999991059,433.7203979,69.95478821,0.999934793,361.7874756,105.8181915,0.99988389,242.494751,267.8363647,0.999992609,316.0559082,227.6372833,0.999989867
88,331.3851013,27.82012558,0.999990344,434.8403931,73.53517151,0.999955177,360.7159119,105.3139572,0.999836802,242.7596588,266.5911865,0.99999094,317.2675781,226.4411926,0.999995589
89,331.1994934,28.09866524,0.999991536,434.2076111,73.6607132,0.99991405,361.4255676,103.8100739,0.999913216,249.9057617,265.2413635,0.99996531,316.2819519,218.9902039,0.999937296
90,331.2156067,27.81834984,0.999991536,432.0784912,73.44280243,0.999938846,365.4503174,104.2319717,0.999945641,250.3008881,261.6899109,0.999993563,317.5163879,220.0560303,0.999928594
91,330.715332,28.75754738,0.999987006,431.1820679,76.6056366,0.999781907,373.2768555,107.986557,0.998966575,192.2506866,249.8993378,0.999993205,340.3198547,220.8124237,0.999851227
92,330.9561462,29.17112923,0.999989986,429.3157959,77.74337769,0.999851584,366.7337952,108.5479813,0.9820925,215.9260559,252.2609711,0.999996662,341.4143066,221.1171265,0.999942541
93,331.033783,28.31051064,0.999989271,429.3222351,75.89296722,0.999859571,367.9698486,105.371376,0.999041736,215.7831573,251.6682434,0.999996305,341.8093262,220.8168945,0.999907255
94,331.2341919,27.9991169,0.999989867,432.0194397,78.07273102,0.999923468,357.1821594,97.55917358,0.999936461,232.7011566,257.5429382,0.99997735,342.3579407,221.8677216,0.999881744
95,332.1202698,29.1765995,0.999991059,429.8686218,73.15507507,0.999864459,364.7453308,101.1763535,0.99994874,235.2801361,258.2874756,0.99998939,343.913269,224.0575867,0.999825299
96,331.3475647,28.43416595,0.999991059,431.6717224,75.19386292,0.999944687,366.4061279,106.039711,0.99985683,240.709198,258.5645142,0.999988437,343.4798889,224.2893829,0.999907613
97,331.2294617,27.8813839,0.99998951,432.3381348,76.59786224,0.999969721,359.3460999,103.5744247,0.999936342,252.1905518,260.2840881,0.999992371,344.1978455,222.4674377,0.999792516
98,331.5250244,28.85778809,0.999991059,431.3946838,77.59443665,0.999897122,368.5877686,102.1722336,0.99981302,254.4497681,261.2976379,0.999992728,359.4329224,224.3489532,0.999838352
99,331.8046875,28.87973976,0.999990463,431.1243591,73.90540314,0.999901652,359.8703918,98.12989044,0.999834418,276.4096069,264.7592163,0.999981403,377.1407471,216.0245514,0.999161959
100,332.0427856,29.35485077,0.999991775,429.1352539,77.21556854,0.999901772,366.3715515,104.3903427,0.994185686,280.9778137,266.0095215,0.999914765,293.2580261,209.1765137,0.997757852
101,332.5914307,30.65491867,0.999993086,430.6629639,77.64586639,0.999853849,366.3632202,100.3841476,0.999830842,235.6248169,224.4115753,0.99534899,324.1971436,237.3811035,0.999951959
102,332.037323,29.80702591,0.999989629,428.0847168,73.47161865,0.999852538,368.7606201,100.412468,0.999859929,201.0504608,248.9546204,0.999982834,350.6853027,233.3919067,0.999445498
103,331.5403137,29.24175072,0.99999094,430.6555481,77.46538544,0.999870896,368.6970825,100.3755646,0.99429214,215.16008,258.8362732,0.999998093,290.5274048,215.3134918,0.999086022
104,331.6363525,28.76200485,0.999991179,430.4422607,75.73119354,0.999909759,355.0178223,97.03399658,0.999705732,237.9387054,262.8361511,0.999986529,312.2557678,226.0051422,0.999852061
105,331.637085,29.32745552,0.999991298,429.4437561,74.83636475,0.99985671,351.8084106,94.25424957,0.94789958,158.4222565,215.1170807,0.079834029,317.818512,227.7925262,0.999802172
106,331.335907,28.84047318,0.999990821,431.718689,78.35451508,0.999922991,335.1895447,98.13710022,0.964749098,175.9747314,250.2487335,0.999959826,316.1352844,227.3155212,0.999931335
107,331.4366455,28.5835495,0.999989629,430.9407349,77.89752197,0.999879241,339.2624207,93.69470978,0.967752457,174.9420319,248.5662994,0.999979258,317.1695557,227.7052155,0.999945879
108,331.5975037,29.50170898,0.999990582,431.1633606,75.32727814,0.99991405,351.6891174,91.20985413,0.999839067,173.1739349,248.8811493,0.999983191,317.1237183,226.3256683,0.999965429
109,331.4934998,28.8752327,0.999990463,431.3556519,76.61463165,0.999943852,353.4571228,96.29363251,0.998764157,170.685318,243.33284,0.999982953,319.6271057,227.6371002,0.999959111
110,331.8435059,29.09254456,0.999989033,432.7254333,76.75189209,0.99996841,357.5599365,92.52490234,0.999721467,168.6925659,248.9754181,0.99957937,349.579071,218.6670532,0.995534778
111,331.1491394,28.14037514,0.999992013,433.1980591,75.47107697,0.999979377,355.3150635,96.43349457,0.999735057,171.1022491,245.7475128,0.999983311,286.6465759,230.6990967,0.999876499
112,331.0218201,27.67113686,0.999991894,433.441925,75.25723267,0.999982119,353.1539612,101.0232849,0.999971867,162.7447815,246.2966919,0.999984622,322.4515686,229.9163513,0.999978065
113,331.5334778,28.41965675,0.999990702,432.7398987,75.04785919,0.999962568,360.0843506,97.54360199,0.999784172,164.6876678,244.389389,0.999995947,325.3755798,230.7789307,0.999975681
114,331.5673218,28.06142807,0.99998939,432.8833008,75.91573334,0.999967098,352.2760925,95.830513,0.999838471,167.8157806,241.6956482,0.999991655,332.7434387,229.9678192,0.99995482
115,330.9624634,28.36681175,0.999988198,431.6972656,76.10968018,0.999931455,352.5030212,95.82364655,0.999078035,165.3937073,246.0423279,0.999947786,330.9844971,192.8524017,0.99959451
116,331.3977661,28.90560532,0.999988556,433.7154846,76.21822357,0.999972224,340.0412292,100.6333771,0.791966796,161.2443542,246.5545959,0.999915123,280.1052246,230.120224,0.999589145
117,332.5039368,29.74123573,0.999984622,433.459198,77.46736145,0.999979615,348.1504211,109.2985535,0.999958754,154.0784607,248.0209808,0.999581993,304.9759521,195.3699951,0.999696255
118,332.3668518,29.19382668,0.999988317,435.3948975,77.7193985,0.99998486,354.0096741,106.1480103,0.999951959,158.9573975,247.1386871,0.99923265,292.6064148,225.7995148,0.999304414
119,331.3033142,29.09701538,0.999987841,433.936676,76.61870575,0.999977469,352.155365,103.4213867,0.999937534,153.8899994,243.9058685,0.999807894,307.224823,223.0700226,0.999915957
120,331.5613708,29.16376686,0.999988556,433.4694214,76.23509979,0.999979377,352.6321106,108.3853378,0.999964595,156.4229126,243.6761169,0.999770701,309.4484863,223.5890503,0.999975562
121,331.4671631,29.14538193,0.999986768,433.3307495,76.9614563,0.999981642,355.6326599,103.9535751,0.999894738,156.9175415,240.7714233,0.999916315,339.912262,226.904892,0.999964595
122,331.9630737,29.2490139,0.999987841,434.2337646,78.47822571,0.99998343,348.2263794,107.0093689,0.999950886,160.1796722,246.207016,0.999791086,304.758728,186.8518829,0.998505831
123,331.6513062,29.5342617,0.999989033,430.3177185,78.91876221,0.999921203,361.1333008,102.9077911,0.532232225,153.9005432,242.1885376,0.999736845,291.9574585,230.5563354,0.999972105
124,331.3582153,28.83262253,0.999987841,431.7273865,78.71847534,0.9999578,339.0512695,89.76691437,0.955716789,152.3031158,242.3657074,0.999928951,315.050354,230.8751373,0.999936938
125,331.5119324,29.31962204,0.999988317,431.447052,79.37908173,0.999970555,365.1709595,105.2081375,0.60145241,158.6536255,246.7695618,0.999442637,274.069519,201.4838257,0.999875188
126,331.8282166,29.45649529,0.999988079,430.0480347,79.42202759,0.999918461,368.8702393,106.7403946,0.874090135,148.5637512,241.5233765,0.99996829,298.4182434,230.120163,0.999970317
127,331.7008667,29.48981094,0.999986768,429.4471436,78.64679718,0.999926329,372.4025879,103.4460144,0.998981178,153.5613098,244.3290863,0.999846935,350.685791,229.7763214,0.999836087
128,331.8431091,29.67691803,0.999988317,431.6827087,80.47368622,0.999941587,366.0802612,109.3969345,0.993852854,282.9352112,213.651947,0.068524703,317.9370117,212.1775665,0.838214397
129,331.8902283,30.1816082,0.99998641,432.406189,80.71569061,0.999827623,369.1390076,108.2202225,0.99368155,181.4580841,230.614975,0.349956304,325.2720337,232.6725311,0.9997105
130,331.0664063,29.25780487,0.999986053,432.1644897,80.91036987,0.999859691,372.4804993,109.6481018,0.996931553,206.1880951,238.2637329,0.999068916,325.7825928,233.1835785,0.999943852
131,331.7224426,29.38880157,0.999988198,430.7363586,80.65106964,0.999945283,370.9447632,106.5705795,0.999174654,207.6593628,230.8233337,0.999970675,326.9743347,232.9514008,0.999839425
132,331.3972778,29.0039196,0.999987602,431.2397156,79.69241333,0.999924421,361.9237671,99.85218811,0.507430255,211.7584229,248.5838318,0.999995351,330.2914734,233.1060333,0.999849916
133,331.5803223,29.47037315,0.999985337,434.3805542,80.59829712,0.999964595,354.8233337,96.70617676,0.999507904,227.5080261,261.0759888,0.999998927,331.8812866,233.017807,0.999919891
134,331.6711426,29.63298225,0.999986887,433.6377258,79.52207947,0.999939919,342.8776245,89.1524353,0.852618217,212.5680542,226.3920288,0.999949336,388.3905029,231.5006714,0.97769165
135,331.8747253,29.86710739,0.999987721,430.3089294,78.03839111,0.999890447,348.6517029,90.08499908,0.97509557,198.812088,248.52565,0.999992013,368.6424866,195.0153198,0.998119056
136,331.4568176,29.48438072,0.99998498,432.2851868,78.83678436,0.999935865,357.6878967,96.52035522,0.999723494,206.4536438,252.1993713,0.999953508,301.6795044,232.4753113,0.999810159
137,331.806427,29.33632469,0.999985576,431.5218811,76.78130341,0.999909163,354.7885132,94.52183533,0.999899149,163.9919739,241.143692,0.999898672,336.7927856,237.723465,0.99995625
138,331.7960815,29.47552872,0.999986529,431.276947,75.23628998,0.999879003,361.5838013,97.80347443,0.999534249,152.4053955,258.5336609,0.998502135,337.7701721,237.6477661,0.999960423
139,331.4253235,29.40805435,0.999987125,430.8275452,77.11034393,0.999880195,369.6790771,99.04563904,0.999401212,196.3077545,253.944458,0.99999094,340.2823486,236.6794281,0.999977827
140,331.5109253,30.06217957,0.999990106,428.7800903,77.56091309,0.999877572,373.0012207,104.1661453,0.99478358,174.9734955,243.2854919,0.999990582,354.828949,231.906311,0.780866921
141,331.1340942,29.83088493,0.999988079,428.6738586,76.48246765,0.999884844,372.1161499,100.4486008,0.997068584,180.9458923,248.3608856,0.999995708,343.9706726,197.679657,0.998952389
142,331.0487061,29.13561249,0.999988675,428.6182861,74.96251678,0.999861479,373.7519226,103.1234589,0.961149812,178.9189148,251.7569885,0.999991775,274.3945618,230.592926,0.999928474
143,330.6953735,28.75874329,0.999989986,430.4822083,78.76255798,0.99991715,367.3479614,102.9993744,0.757812858,147.8918915,251.7006683,0.999775827,280.4266663,230.3605804,0.999836326
144,330.8472595,28.99376106,0.999988914,431.7879333,75.74256897,0.999896049,353.9075928,94.17891693,0.999502659,157.5739136,250.4758148,0.999816,317.5115662,229.9095001,0.999893069
145,331.0658569,28.59553528,0.999989748,433.5926514,75.24227142,0.999976993,347.8070984,102.1221848,0.999905944,153.0131226,249.7893372,0.999463618,269.7515259,229.7967224,0.99996841
146,330.6696472,28.3286972,0.999987841,432.9181213,78.23588562,0.999952435,352.0123291,103.2434845,0.999831557,146.8022156,251.0503998,0.999654412,293.1391602,229.6947937,0.999947429
147,330.9972534,28.5645237,0.999988794,431.9218445,76.51980591,0.99992919,360.7309265,102.8488617,0.999178708,145.6506348,250.4870605,0.99982965,328.7185364,200.489563,0.999367774
148,331.2562866,29.17018509,0.999988437,433.7661438,77.39759064,0.999965787,345.2730408,106.4564514,0.976908386,260.0716248,265.6542358,0.999886632,274.5067749,237.0101471,0.362737894
149,331.2601318,29.53953362,0.999989748,433.545166,82.25330353,0.999949932,367.4402771,109.9993973,0.998198807,165.6583252,232.2566071,0.938924551,282.4859314,228.6441498,0.998503923
150,331.8484802,29.39492798,0.999991059,435.7687378,82.16318512,0.999967813,353.0974426,108.5920029,0.999929547,179.1923065,243.5791931,0.999997854,280.3315735,227.3200531,0.999975085
151,331.5948181,29.73366547,0.999991775,436.2277222,81.37873077,0.999959707,356.2378845,107.4746475,0.999942422,179.9549103,247.0475769,0.999996543,279.9037476,227.5287933,0.999891043
152,331.2855835,29.26498413,0.999990106,435.9783936,79.43672943,0.999964952,341.3902283,103.0225525,0.998369515,174.4058685,223.905014,0.999990702,281.9911804,226.5965118,0.999545515
153,331.5394592,29.51123047,0.999988914,436.3591003,80.51058197,0.999979734,346.6599426,102.9560089,0.999493241,195.3847046,243.8981628,0.999999404,351.2559204,213.4866791,0.06623219
154,331.3407593,29.37698555,0.999988675,435.1126099,79.69988251,0.999959469,351.1347656,103.7302094,0.999699116,188.912323,244.1069336,0.999996305,323.1044617,187.5598602,0.999960184
155,331.9933777,29.42407608,0.999987245,436.5037537,75.89396667,0.9999789,342.3739929,109.5550842,0.999986291,188.4772644,246.195816,0.999994278,277.3980408,228.2186127,0.999993443
156,331.2697449,29.45442581,0.999985456,437.6941833,74.67801666,0.999962211,344.9835205,110.896019,0.999909282,189.8872528,247.4109039,0.999994874,279.176178,228.9177246,0.999907374
157,331.4811096,29.45549011,0.999986529,438.2035522,75.09806061,0.999972701,349.2186279,105.799057,0.999898314,190.7798462,247.0732422,0.999991894,279.6694641,228.3875275,0.999981523
158,331.9642334,29.47201729,0.99998498,435.5729675,71.64606476,0.999971271,347.0167236,110.6218872,0.999956369,191.5485535,247.4316864,0.999988675,279.8223267,227.8329773,0.999973297
159,331.426239,28.75752449,0.99998796,436.5794373,72.44921112,0.999976516,342.9345703,108.8266602,0.999973178,192.1556702,247.1853027,0.999994755,280.4804382,228.4641113,0.999980092
160,331.7513428,28.65546417,0.99998641,437.0603638,70.68268585,0.999985695,352.9454041,110.5145493,0.999086142,192.2670441,247.1193237,0.999994755,280.6368103,228.6498108,0.999983549
161,331.9257813,28.94103813,0.999987245,437.0752563,71.31647491,0.999985695,358.3460388,114.3714294,0.999816716,191.7975616,247.5686188,0.99998951,279.9151001,228.3260345,0.999984026
162,331.2105408,28.79785347,0.999987364,436.2651978,74.53177643,0.999974847,350.8160095,109.2195587,0.9995116,192.0972748,246.9429932,0.999994159,279.0737305,228.3953247,0.999972701
163,331.4936829,28.70503807,0.999988914,436.7992859,74.2420578,0.999981046,350.3660583,110.0981903,0.995721042,192.307312,246.9760742,0.999994516,279.3159485,228.5792084,0.999980688
164,331.4162292,28.69318199,0.999990225,437.1532288,75.18119812,0.99997282,361.1899414,111.6076736,0.999896526,192.7255859,246.960968,0.999995708,279.9596863,228.6036987,0.999987841
165,331.5812378,29.60627365,0.999991298,436.4104919,68.91426086,0.999975085,364.7296448,110.769516,0.999932528,192.3783264,247.2654572,0.99999392,280.0560608,228.0527954,0.999983311
166,332.1829529,29.22784615,0.999988198,436.4672852,72.57229614,0.99996984,343.3206787,112.2871017,0.999935269,192.7588806,247.1475677,0.999994397,279.9012451,228.1251678,0.999987125
167,331.8807678,29.21443558,0.99999094,436.9747009,69.92605591,0.999990344,362.4980774,111.2866058,0.999946117,193.1028595,247.0595398,0.999996543,280.6690674,227.826889,0.999991417
168,332.4701233,28.98536873,0.999987364,435.9386902,68.14354706,0.999987006,353.3937378,111.651001,0.999985933,192.4923096,247.6651306,0.999992013,280.108429,227.9851074,0.999989867
169,331.2625122,28.78062057,0.999990106,438.7527161,69.61289978,0.999988437,362.6024475,114.4768066,0.999980569,193.1786194,247.5790558,0.999996424,280.2767944,228.7913055,0.999992251
170,331.6185303,28.99250793,0.999989033,438.2495728,70.47893524,0.999977589,361.1463623,114.7295761,0.99995935,192.8548126,247.6513519,0.999996305,280.1932068,228.5023499,0.999991298
171,332.6879272,28.99751472,0.999986172,434.3215942,71.98748779,0.99996233,353.1021118,114.0701981,0.999985576,192.7828674,247.5795288,0.999996305,280.4061279,228.5319214,0.999990582
172,331.7202759,29.16439247,0.999987245,439.274353,73.9694519,0.999955535,370.6516418,112.4489517,0.997106969,192.6483917,247.5421753,0.999996066,280.5908203,228.2817841,0.999991775
173,332.2598572,29.5173111,0.99998951,437.0357056,73.48270416,0.999960542,342.8391113,112.0497589,0.999764621,190.4873352,248.327652,0.999988556,279.806427,228.6756287,0.999983907
174,332.2230835,30.76002502,0.999993801,437.4105835,70.94189453,0.999957442,353.2969971,98.09841156,0.977497637,186.5343475,249.993103,0.999984264,278.5523987,229.7403107,0.999992847
175,331.7684937,29.04774666,0.999988675,439.3584595,71.79574585,0.999949098,342.5819092,110.9859161,0.99997592,184.1225739,250.0575714,0.999992967,279.2250977,229.095047,0.999989271
176,332.2042542,29.08202362,0.999991298,436.1358643,68.94966888,0.999986768,352.9950256,109.9706726,0.99993813,168.2537384,251.5814056,0.999987483,276.9766541,229.1296082,0.999989629
177,332.2864685,29.14271355,0.999991179,437.4655151,70.81459808,0.999979973,353.3674316,108.5310516,0.999939561,167.0655212,251.5737152,0.999990702,276.3039856,228.215332,0.999992132
178,331.5902405,28.45750427,0.999989629,435.3440857,68.79483795,0.999989867,349.8563843,101.1832047,0.999994397,166.9493408,251.2161407,0.999991059,275.7691956,229.2265015,0.999988794
179,332.2721252,29.4996357,0.999988079,434.7359924,71.72379303,0.999963045,356.2229614,108.9408875,0.996507347,166.9285583,251.3515778,0.999991894,276.2355652,227.7340393,0.999984264
180,331.9726257,29.31516647,0.999988794,437.1150513,73.04580688,0.999970913,351.2172241,104.3117828,0.999954462,167.0442505,251.1497803,0.999991536,276.1864014,228.2296143,0.999985933
181,331.1851501,28.30131149,0.999987245,439.1685181,75.18096161,0.999974012,333.9564514,107.1921768,0.9998703,167.0184174,250.9862366,0.999990344,275.765686,227.9398651,0.999993563
182,332.3819885,29.44833946,0.999989033,436.6616516,71.80138397,0.999963164,352.2786865,106.0118637,0.999971986,167.2473755,250.8706055,0.999986887,275.6429749,228.2895966,0.99998951
183,332.7515869,29.51603508,0.999989271,437.6986084,71.92773438,0.999970198,350.7702637,110.6996155,0.99958545,167.380661,251.0305328,0.999988794,276.1710205,228.2256927,0.999990702
184,332.1251526,29.04841614,0.999988675,438.8153076,68.23904419,0.999957681,351.6246643,102.9582825,0.999953628,166.7907562,251.0592346,0.999989033,276.4347839,228.9148865,0.99998939
185,332.6204224,29.8810215,0.999990821,437.2395325,68.65962982,0.999929547,352.4703369,107.1971359,0.996324301,162.4255524,250.6589661,0.999993443,275.8766479,229.2139893,0.999991536
186,331.4190369,28.21970749,0.999989986,437.9208374,68.84968567,0.999981642,358.007843,110.6577911,0.999810636,155.6100616,250.0227661,0.999966264,275.1508789,227.9642639,0.99996388
187,331.4419556,28.97105598,0.99999094,434.3299561,73.39554596,0.999958158,354.9100647,101.5001144,0.999976635,155.9058228,249.7097626,0.999963045,275.4553223,228.4220581,0.999972463
188,331.8482971,28.89595985,0.999990344,434.1400146,75.32984924,0.999980569,347.4248352,102.032196,0.999995232,155.8343964,249.9543915,0.999965191,276.1565857,227.7344971,0.999962807
189,331.9686584,28.82731438,0.999989867,435.5363159,76.32577515,0.999986053,351.6859741,100.1572723,0.999987602,155.9069519,249.6942749,0.999966621,275.3865051,227.9462738,0.999976158
190,331.3467712,28.58023453,0.999990702,434.4415894,74.63180542,0.999973297,351.9779053,109.000412,0.999937415,155.9524231,249.5305786,0.99996233,275.2951355,228.0314789,0.99998939
191,331.3884277,29.00443268,0.999991298,432.8518372,75.79555511,0.99994874,358.1035461,106.2216873,0.999962091,156.0134888,249.4254456,0.999953747,276.3984985,228.4373016,0.999945045
192,331.3284302,28.53453636,0.999991059,434.0606995,77.16146851,0.999971509,353.6106567,110.3782806,0.999835134,155.6478882,249.3549805,0.999958277,276.3682556,228.1300354,0.999974251
193,331.0060425,28.24116325,0.999991179,435.2232361,77.37417603,0.999980688,355.588501,111.8358307,0.99985075,155.5700378,249.5815582,0.999966025,275.5875854,228.2887421,0.999979973
194,331.0703735,28.94445038,0.999990582,434.2766418,75.87129974,0.999983549,355.8230286,111.1731033,0.9999789,155.9429474,249.5938416,0.999969363,275.5748596,228.4008789,0.99998188
195,331.2417908,28.82484818,0.999991059,432.1003418,74.37129211,0.999952316,356.1603699,103.8523483,0.999982357,155.7056427,249.7033997,0.999966264,275.7121887,228.7310181,0.999979138
196,331.8505859,28.54216385,0.999990582,433.7340088,77.83144379,0.999969721,360.3912048,112.5004196,0.99988687,155.5571289,249.5798645,0.999960065,276.48172,228.3186493,0.999973774
197,331.1716309,28.49134064,0.999990821,434.3390198,75.74744415,0.999972582,353.9830627,110.8873367,0.999957681,155.5565643,249.6275482,0.999966979,276.8177795,227.8324432,0.999952555
198,331.0290222,28.61940956,0.999991775,434.3062134,75.74359894,0.999985099,355.0435486,110.4578476,0.999986053,155.8274689,249.9188232,0.999967456,275.602478,228.8294983,0.999989986
199,331.0374756,28.74907112,0.999992251,434.0404663,74.2248764,0.999978542,355.147583,110.2002792,0.999986172,155.8086853,249.9519501,0.999972463,275.7897644,229.0203857,0.999991059
200,331.0037842,28.69298172,0.999991059,433.4117737,74.2853775,0.999972343,354.2505188,108.8566208,0.999983311,156.0099487,249.6392059,0.999950767,276.750824,228.6457062,0.999970317
